Tweet ID,Texto,Fecha_CDMX,Retweets,Respuestas,Likes,Citas,Guardados,Impresiones,Engagement,Es_Video,Video_Views,Segundos_Vistos
1895519477674172689,"Gundam GQuuuuuuX #Beginning es una guerra entre Zeon y la Federación Terrestre, un día un prototipo de Gundam desaparece. 😟🎬 Compra tus boletos hoy 👉 https://t.co/az3qNochFc  @MasQueCineLatam https://t.co/hYpJrg7geN",2025-02-28 11:00:35,3,3,32,0,4,3146,42,False,N/A,N/A
1895511857009668363,Desde Francia llega una historia de vampiros fuera de lo común #VampiraHumanistaBuscaSuicida y si no me crees checa el tráiler aquí. #VampiraHumanistaBuscaSuicida 🧛‍♂️⚰️🩸 https://t.co/MoHMR54xHJ,2025-02-28 10:30:18,1,2,26,0,2,3870,31,True,785,123.79
1895499574623809904,¡Ya llegó #LaMaldiciónDeSayuri a cartelera! 😱🎬👻 Checa los detalles sobre la peli con mis amigos de @Paloma_Nacho 👉 https://t.co/DsJPXcA1xk  https://t.co/DsJPXcA1xk,2025-02-28 09:41:29,2,0,22,0,2,4419,26,False,N/A,N/A
1895481672122147258,"Un #KDrama más con el que lloraré 😭😭 #LaNiñaDeMisOjos una película donde vivirás la magia del primer amor, complicidad de la amistad 🎬Próximamente, sólo en cines. https://t.co/7TPYnPZbXw",2025-02-28 08:30:21,308,35,1140,70,59,17991,1612,False,N/A,N/A
1895478832146362425,#LaNiñaDeMisOjos es una conmovedora película te transportará a la década de 2000´s 😎🥹 Descubre la magia del primer amor y las experiencias escolares en una historia que tocará tu corazón 🎬 https://t.co/zI46nEsywP,2025-02-28 08:19:04,344,28,1071,61,65,20102,1569,True,5061,53.636
1895292874235007157,¿Qué personaje dirías que representa mejor tu personalidad en #AttackOnTitan? ¡Déjalo en comentarios! 🤔😲⚔️ https://t.co/hU1RVtDhn5,2025-02-27 20:00:08,12,21,159,1,11,13483,204,False,N/A,N/A
1895266826806014390,"Antes de ser un programa exitoso, fue un sueño ¡y un gran chiste! RT si también amaste el primer avance de #SaturdayNight. 🤩🤣🎬 https://t.co/YC6wLjmiyQ",2025-02-27 18:16:38,2,0,34,0,3,7753,39,True,1549,136.166
1895248888828960955,"Nunca sabes hasta donde podrá llevarte el amor por el cine, esta es la historia de Kelly Castillo. 🤩🎬 ¡Que este año ganó un viaje a #NuevaYork y su chamarra especial de mi amiga @soynatalia_art! ¡Muchas felicidades! 😎👌 https://t.co/I3o0REJPvL",2025-02-27 17:05:21,4,1,36,1,0,8181,42,True,1682,64.522
1895247630776836521,https://t.co/klhzHKwMin,2025-02-27 17:00:21,1,0,20,0,0,6075,21,False,N/A,N/A
1895247606282109022,"Conoce a la Socia del Año de Club Cinépolis: ¡Kelly Castillo! 🤩🎬

Amé verla muchas veces entre lunes y martes con unas palomitas mix de caramelo y Takis, disfrutando pelis como #Wicked y #Guasón2. ✨🫶

¿Sus premios? ¡Un viaje desde #Oaxaca hasta #NuevaYork y una chamarra de mi… https://t.co/WsTmBnKjzq https://t.co/AuHigTVPPE",2025-02-27 17:00:15,1,1,26,1,3,7375,32,False,N/A,N/A
