{
  "data": [
    {
      "entities": {
        "mentions": [
          {
            "start": 175,
            "end": 191,
            "username": "MasQueCineLatam",
            "id": "1237854249913970691"
          }
        ],
        "urls": [
          {
            "start": 150,
            "end": 173,
            "url": "https://t.co/az3qNochFc",
            "expanded_url": "http://bit.ly/41BO6SQ",
            "display_url": "bit.ly/41BO6SQ",
            "images": [
              {
                "url": "https://pbs.twimg.com/news_img/1895519472343269377/eZyt78R5?format=jpg&name=orig",
                "width": 414,
                "height": 603
              },
              {
                "url": "https://pbs.twimg.com/news_img/1895519472343269377/eZyt78R5?format=jpg&name=150x150",
                "width": 150,
                "height": 150
              }
            ],
            "status": 200,
            "title": "Gundam GQuuuuuuX, El Inicio",
            "description": "¡La épica película de Studio Khara (Evangelion) y Sunrise está aquí! Sigue a Amate Yuzuriha es una chica de secundaria que vive tranquilamente en una colonia espacial, cuando conoce a un refugiado de guerra llamado Nyaan, Amate se ve atraída a los duelos ilegales de mobile suits conocido como Batalla de Clanes. Con el apodo de “Machu”, Amate se lanza a un combate intenso día tras día piloteando el GQuuuuuuX Luego, aparece frente a ella un mobile suit Gundam no identificado y perseguido por la fuerza espacial y la policía. Su piloto, un muchacho llamado Shuji. ¡Una nueva era está por comenzar en su mundo!",
            "unwound_url": "https://cinepolis.com/pelicula/gundam-gquuuuuux-el-inicio"
          },
          {
            "start": 192,
            "end": 215,
            "url": "https://t.co/hYpJrg7geN",
            "expanded_url": "https://x.com/Cinepolis/status/1895519477674172689/photo/1",
            "display_url": "pic.x.com/hYpJrg7geN",
            "media_key": "3_1895519375790047232"
          }
        ],
        "hashtags": [
          {
            "start": 17,
            "end": 27,
            "tag": "Beginning"
          }
        ],
        "annotations": [
          {
            "start": 0,
            "end": 15,
            "probability": 0.6859,
            "type": "Other",
            "normalized_text": "Gundam GQuuuuuuX"
          },
          {
            "start": 18,
            "end": 26,
            "probability": 0.4021,
            "type": "Other",
            "normalized_text": "Beginning"
          },
          {
            "start": 48,
            "end": 51,
            "probability": 0.3278,
            "type": "Place",
            "normalized_text": "Zeon"
          },
          {
            "start": 58,
            "end": 77,
            "probability": 0.5301,
            "type": "Other",
            "normalized_text": "Federación Terrestre"
          },
          {
            "start": 103,
            "end": 108,
            "probability": 0.7585,
            "type": "Other",
            "normalized_text": "Gundam"
          }
        ]
      },
      "public_metrics": {
        "retweet_count": 3,
        "reply_count": 3,
        "like_count": 32,
        "quote_count": 0,
        "bookmark_count": 4,
        "impression_count": 3146
      },
      "edit_history_tweet_ids": [
        "1895519477674172689"
      ],
      "id": "1895519477674172689",
      "author_id": "40355149",
      "created_at": "2025-02-28T17:00:35.000Z",
      "text": "Gundam GQuuuuuuX #Beginning es una guerra entre Zeon y la Federación Terrestre, un día un prototipo de Gundam desaparece. 😟🎬 Compra tus boletos hoy 👉 https://t.co/az3qNochFc  @MasQueCineLatam https://t.co/hYpJrg7geN",
      "attachments": {
        "media_keys": [
          "3_1895519375790047232"
        ]
      },
      "created_at_cdmx": "2025-02-28 11:00:35"
    },
    {
      "entities": {
        "urls": [
          {
            "start": 171,
            "end": 194,
            "url": "https://t.co/MoHMR54xHJ",
            "expanded_url": "https://x.com/Cinepolis/status/1895511857009668363/video/1",
            "display_url": "pic.x.com/MoHMR54xHJ",
            "media_key": "13_1895511360194162691"
          }
        ],
        "hashtags": [
          {
            "start": 63,
            "end": 92,
            "tag": "VampiraHumanistaBuscaSuicida"
          },
          {
            "start": 133,
            "end": 162,
            "tag": "VampiraHumanistaBuscaSuicida"
          }
        ],
        "annotations": [
          {
            "start": 6,
            "end": 12,
            "probability": 0.977,
            "type": "Place",
            "normalized_text": "Francia"
          }
        ]
      },
      "public_metrics": {
        "retweet_count": 1,
        "reply_count": 2,
        "like_count": 26,
        "quote_count": 0,
        "bookmark_count": 2,
        "impression_count": 3870
      },
      "edit_history_tweet_ids": [
        "1895511857009668363"
      ],
      "id": "1895511857009668363",
      "author_id": "40355149",
      "created_at": "2025-02-28T16:30:18.000Z",
      "text": "Desde Francia llega una historia de vampiros fuera de lo común #VampiraHumanistaBuscaSuicida y si no me crees checa el tráiler aquí. #VampiraHumanistaBuscaSuicida 🧛‍♂️⚰️🩸 https://t.co/MoHMR54xHJ",
      "attachments": {
        "media_keys": [
          "13_1895511360194162691"
        ]
      },
      "created_at_cdmx": "2025-02-28 10:30:18"
    },
    {
      "entities": {
        "mentions": [
          {
            "start": 99,
            "end": 112,
            "username": "Paloma_Nacho",
            "id": "1605691417640280085"
          }
        ],
        "urls": [
          {
            "start": 115,
            "end": 138,
            "url": "https://t.co/DsJPXcA1xk",
            "expanded_url": "https://palomaynacho.com/f13y",
            "display_url": "palomaynacho.com/f13y",
            "images": [
              {
                "url": "https://pbs.twimg.com/news_img/1895499580541976576/zOuj92E3?format=jpg&name=orig",
                "width": 1920,
                "height": 1080
              },
              {
                "url": "https://pbs.twimg.com/news_img/1895499580541976576/zOuj92E3?format=jpg&name=150x150",
                "width": 150,
                "height": 150
              }
            ],
            "status": 200,
            "title": "Tráiler, dónde ver y todo sobre La maldición de Sayuri",
            "description": "Te contamos todo sobre La maldición de Sayuri, nueva película de J-horror que llegará muy pronto a las salas de Cinépolis.",
            "unwound_url": "https://palomaynacho.com/blog/la-maldicion-de-sayuri-trailer-donde-ver/"
          },
          {
            "start": 140,
            "end": 163,
            "url": "https://t.co/DsJPXcA1xk",
            "expanded_url": "https://palomaynacho.com/f13y",
            "display_url": "palomaynacho.com/f13y",
            "images": [
              {
                "url": "https://pbs.twimg.com/news_img/1895499580541976576/zOuj92E3?format=jpg&name=orig",
                "width": 1920,
                "height": 1080
              },
              {
                "url": "https://pbs.twimg.com/news_img/1895499580541976576/zOuj92E3?format=jpg&name=150x150",
                "width": 150,
                "height": 150
              }
            ],
            "status": 200,
            "title": "Tráiler, dónde ver y todo sobre La maldición de Sayuri",
            "description": "Te contamos todo sobre La maldición de Sayuri, nueva película de J-horror que llegará muy pronto a las salas de Cinépolis.",
            "unwound_url": "https://palomaynacho.com/blog/la-maldicion-de-sayuri-trailer-donde-ver/"
          }
        ],
        "hashtags": [
          {
            "start": 10,
            "end": 30,
            "tag": "LaMaldiciónDeSayuri"
          }
        ],
        "annotations": [
          {
            "start": 11,
            "end": 29,
            "probability": 0.8771,
            "type": "Other",
            "normalized_text": "LaMaldiciónDeSayuri"
          }
        ]
      },
      "public_metrics": {
        "retweet_count": 2,
        "reply_count": 0,
        "like_count": 22,
        "quote_count": 0,
        "bookmark_count": 2,
        "impression_count": 4419
      },
      "edit_history_tweet_ids": [
        "1895499574623809904"
      ],
      "id": "1895499574623809904",
      "author_id": "40355149",
      "created_at": "2025-02-28T15:41:29.000Z",
      "text": "¡Ya llegó #LaMaldiciónDeSayuri a cartelera! 😱🎬👻 Checa los detalles sobre la peli con mis amigos de @Paloma_Nacho 👉 https://t.co/DsJPXcA1xk  https://t.co/DsJPXcA1xk",
      "created_at_cdmx": "2025-02-28 09:41:29"
    },
    {
      "entities": {
        "urls": [
          {
            "start": 163,
            "end": 186,
            "url": "https://t.co/7TPYnPZbXw",
            "expanded_url": "https://x.com/Cinepolis/status/1895481672122147258/photo/1",
            "display_url": "pic.x.com/7TPYnPZbXw",
            "media_key": "3_1895481591365009408"
          }
        ],
        "hashtags": [
          {
            "start": 3,
            "end": 10,
            "tag": "KDrama"
          },
          {
            "start": 37,
            "end": 53,
            "tag": "LaNiñaDeMisOjos"
          }
        ],
        "annotations": [
          {
            "start": 4,
            "end": 9,
            "probability": 0.5482,
            "type": "Other",
            "normalized_text": "KDrama"
          },
          {
            "start": 38,
            "end": 52,
            "probability": 0.657,
            "type": "Other",
            "normalized_text": "LaNiñaDeMisOjos"
          }
        ]
      },
      "public_metrics": {
        "retweet_count": 308,
        "reply_count": 35,
        "like_count": 1140,
        "quote_count": 70,
        "bookmark_count": 59,
        "impression_count": 17991
      },
      "edit_history_tweet_ids": [
        "1895481672122147258"
      ],
      "id": "1895481672122147258",
      "author_id": "40355149",
      "created_at": "2025-02-28T14:30:21.000Z",
      "text": "Un #KDrama más con el que lloraré 😭😭 #LaNiñaDeMisOjos una película donde vivirás la magia del primer amor, complicidad de la amistad 🎬Próximamente, sólo en cines. https://t.co/7TPYnPZbXw",
      "attachments": {
        "media_keys": [
          "3_1895481591365009408"
        ]
      },
      "created_at_cdmx": "2025-02-28 08:30:21"
    },
    {
      "entities": {
        "urls": [
          {
            "start": 189,
            "end": 212,
            "url": "https://t.co/zI46nEsywP",
            "expanded_url": "https://x.com/Cinepolis/status/1895478832146362425/video/1",
            "display_url": "pic.x.com/zI46nEsywP",
            "media_key": "7_1895478699769638912"
          }
        ],
        "hashtags": [
          {
            "start": 0,
            "end": 16,
            "tag": "LaNiñaDeMisOjos"
          }
        ],
        "annotations": [
          {
            "start": 1,
            "end": 15,
            "probability": 0.544,
            "type": "Other",
            "normalized_text": "LaNiñaDeMisOjos"
          }
        ]
      },
      "public_metrics": {
        "retweet_count": 344,
        "reply_count": 28,
        "like_count": 1071,
        "quote_count": 61,
        "bookmark_count": 65,
        "impression_count": 20102
      },
      "edit_history_tweet_ids": [
        "1895478832146362425"
      ],
      "id": "1895478832146362425",
      "author_id": "40355149",
      "created_at": "2025-02-28T14:19:04.000Z",
      "text": "#LaNiñaDeMisOjos es una conmovedora película te transportará a la década de 2000´s 😎🥹 Descubre la magia del primer amor y las experiencias escolares en una historia que tocará tu corazón 🎬 https://t.co/zI46nEsywP",
      "attachments": {
        "media_keys": [
          "7_1895478699769638912"
        ]
      },
      "created_at_cdmx": "2025-02-28 08:19:04"
    },
    {
      "entities": {
        "urls": [
          {
            "start": 107,
            "end": 130,
            "url": "https://t.co/hU1RVtDhn5",
            "expanded_url": "https://x.com/Cinepolis/status/1895292874235007157/photo/1",
            "display_url": "pic.x.com/hU1RVtDhn5",
            "media_key": "3_1895292845998907392"
          }
        ],
        "hashtags": [
          {
            "start": 62,
            "end": 76,
            "tag": "AttackOnTitan"
          }
        ],
        "annotations": [
          {
            "start": 63,
            "end": 75,
            "probability": 0.9747,
            "type": "Other",
            "normalized_text": "AttackOnTitan"
          }
        ]
      },
      "public_metrics": {
        "retweet_count": 12,
        "reply_count": 21,
        "like_count": 159,
        "quote_count": 1,
        "bookmark_count": 11,
        "impression_count": 13483
      },
      "edit_history_tweet_ids": [
        "1895292874235007157"
      ],
      "id": "1895292874235007157",
      "author_id": "40355149",
      "created_at": "2025-02-28T02:00:08.000Z",
      "text": "¿Qué personaje dirías que representa mejor tu personalidad en #AttackOnTitan? ¡Déjalo en comentarios! 🤔😲⚔️ https://t.co/hU1RVtDhn5",
      "attachments": {
        "media_keys": [
          "3_1895292845998907392"
        ]
      },
      "created_at_cdmx": "2025-02-27 20:00:08"
    },
    {
      "entities": {
        "urls": [
          {
            "start": 127,
            "end": 150,
            "url": "https://t.co/YC6wLjmiyQ",
            "expanded_url": "https://x.com/Cinepolis/status/1895266826806014390/video/1",
            "display_url": "pic.x.com/YC6wLjmiyQ",
            "media_key": "7_1895266423389212672"
          }
        ],
        "hashtags": [
          {
            "start": 107,
            "end": 121,
            "tag": "SaturdayNight"
          }
        ],
        "annotations": [
          {
            "start": 108,
            "end": 120,
            "probability": 0.8822,
            "type": "Other",
            "normalized_text": "SaturdayNight"
          }
        ]
      },
      "public_metrics": {
        "retweet_count": 2,
        "reply_count": 0,
        "like_count": 34,
        "quote_count": 0,
        "bookmark_count": 3,
        "impression_count": 7753
      },
      "edit_history_tweet_ids": [
        "1895266826806014390"
      ],
      "id": "1895266826806014390",
      "author_id": "40355149",
      "created_at": "2025-02-28T00:16:38.000Z",
      "text": "Antes de ser un programa exitoso, fue un sueño ¡y un gran chiste! RT si también amaste el primer avance de #SaturdayNight. 🤩🤣🎬 https://t.co/YC6wLjmiyQ",
      "attachments": {
        "media_keys": [
          "7_1895266423389212672"
        ]
      },
      "created_at_cdmx": "2025-02-27 18:16:38"
    },
    {
      "entities": {
        "urls": [
          {
            "start": 219,
            "end": 242,
            "url": "https://t.co/I3o0REJPvL",
            "expanded_url": "https://x.com/Cinepolis/status/1895248888828960955/video/1",
            "display_url": "pic.x.com/I3o0REJPvL",
            "media_key": "7_1895248061388967936"
          }
        ],
        "hashtags": [
          {
            "start": 132,
            "end": 142,
            "tag": "NuevaYork"
          }
        ],
        "annotations": [
          {
            "start": 83,
            "end": 96,
            "probability": 0.9495,
            "type": "Person",
            "normalized_text": "Kelly Castillo"
          },
          {
            "start": 133,
            "end": 141,
            "probability": 0.5041,
            "type": "Other",
            "normalized_text": "NuevaYork"
          }
        ]
      },
      "public_metrics": {
        "retweet_count": 4,
        "reply_count": 1,
        "like_count": 36,
        "quote_count": 1,
        "bookmark_count": 0,
        "impression_count": 8181
      },
      "edit_history_tweet_ids": [
        "1895248888828960955"
      ],
      "id": "1895248888828960955",
      "author_id": "40355149",
      "created_at": "2025-02-27T23:05:21.000Z",
      "text": "Nunca sabes hasta donde podrá llevarte el amor por el cine, esta es la historia de Kelly Castillo. 🤩🎬 ¡Que este año ganó un viaje a #NuevaYork y su chamarra especial de mi amiga @soynatalia_art! ¡Muchas felicidades! 😎👌 https://t.co/I3o0REJPvL",
      "attachments": {
        "media_keys": [
          "7_1895248061388967936"
        ]
      },
      "created_at_cdmx": "2025-02-27 17:05:21"
    },
    {
      "entities": {
        "urls": [
          {
            "start": 0,
            "end": 23,
            "url": "https://t.co/klhzHKwMin",
            "expanded_url": "https://x.com/Cinepolis/status/1895247630776836521/photo/1",
            "display_url": "pic.x.com/klhzHKwMin",
            "media_key": "3_1895247620169400320"
          },
          {
            "start": 0,
            "end": 23,
            "url": "https://t.co/klhzHKwMin",
            "expanded_url": "https://x.com/Cinepolis/status/1895247630776836521/photo/1",
            "display_url": "pic.x.com/klhzHKwMin",
            "media_key": "3_1895247620144046080"
          }
        ]
      },
      "public_metrics": {
        "retweet_count": 1,
        "reply_count": 0,
        "like_count": 20,
        "quote_count": 0,
        "bookmark_count": 0,
        "impression_count": 6075
      },
      "edit_history_tweet_ids": [
        "1895247630776836521"
      ],
      "id": "1895247630776836521",
      "author_id": "40355149",
      "created_at": "2025-02-27T23:00:21.000Z",
      "text": "https://t.co/klhzHKwMin",
      "attachments": {
        "media_keys": [
          "3_1895247620169400320",
          "3_1895247620144046080"
        ]
      },
      "created_at_cdmx": "2025-02-27 17:00:21"
    },
    {
      "entities": {
        "urls": [
          {
            "start": 278,
            "end": 301,
            "url": "https://t.co/WsTmBnKjzq",
            "expanded_url": "https://x.com/i/web/status/1895247606282109022",
            "display_url": "x.com/i/web/status/1…"
          },
          {
            "start": 302,
            "end": 325,
            "url": "https://t.co/AuHigTVPPE",
            "expanded_url": "https://x.com/Cinepolis/status/1895247606282109022/photo/1",
            "display_url": "pic.x.com/AuHigTVPPE",
            "media_key": "3_1895247556336078848"
          },
          {
            "start": 302,
            "end": 325,
            "url": "https://t.co/AuHigTVPPE",
            "expanded_url": "https://x.com/Cinepolis/status/1895247606282109022/photo/1",
            "display_url": "pic.x.com/AuHigTVPPE",
            "media_key": "3_1895247556159885312"
          },
          {
            "start": 302,
            "end": 325,
            "url": "https://t.co/AuHigTVPPE",
            "expanded_url": "https://x.com/Cinepolis/status/1895247606282109022/photo/1",
            "display_url": "pic.x.com/AuHigTVPPE",
            "media_key": "3_1895247556310888448"
          }
        ],
        "hashtags": [
          {
            "start": 177,
            "end": 184,
            "tag": "Wicked"
          },
          {
            "start": 187,
            "end": 195,
            "tag": "Guasón2"
          },
          {
            "start": 231,
            "end": 238,
            "tag": "Oaxaca"
          },
          {
            "start": 245,
            "end": 255,
            "tag": "NuevaYork"
          }
        ],
        "annotations": [
          {
            "start": 29,
            "end": 42,
            "probability": 0.5065,
            "type": "Other",
            "normalized_text": "Club Cinépolis"
          },
          {
            "start": 46,
            "end": 59,
            "probability": 0.813,
            "type": "Person",
            "normalized_text": "Kelly Castillo"
          },
          {
            "start": 147,
            "end": 151,
            "probability": 0.4251,
            "type": "Other",
            "normalized_text": "Takis"
          },
          {
            "start": 178,
            "end": 183,
            "probability": 0.8147,
            "type": "Other",
            "normalized_text": "Wicked"
          },
          {
            "start": 188,
            "end": 194,
            "probability": 0.8375,
            "type": "Other",
            "normalized_text": "Guasón2"
          },
          {
            "start": 232,
            "end": 237,
            "probability": 0.9149,
            "type": "Place",
            "normalized_text": "Oaxaca"
          },
          {
            "start": 246,
            "end": 254,
            "probability": 0.582,
            "type": "Other",
            "normalized_text": "NuevaYork"
          }
        ]
      },
      "public_metrics": {
        "retweet_count": 1,
        "reply_count": 1,
        "like_count": 26,
        "quote_count": 1,
        "bookmark_count": 3,
        "impression_count": 7375
      },
      "edit_history_tweet_ids": [
        "1895247606282109022"
      ],
      "id": "1895247606282109022",
      "author_id": "40355149",
      "created_at": "2025-02-27T23:00:15.000Z",
      "text": "Conoce a la Socia del Año de Club Cinépolis: ¡Kelly Castillo! 🤩🎬\n\nAmé verla muchas veces entre lunes y martes con unas palomitas mix de caramelo y Takis, disfrutando pelis como #Wicked y #Guasón2. ✨🫶\n\n¿Sus premios? ¡Un viaje desde #Oaxaca hasta #NuevaYork y una chamarra de mi… https://t.co/WsTmBnKjzq https://t.co/AuHigTVPPE",
      "attachments": {
        "media_keys": [
          "3_1895247556336078848",
          "3_1895247556159885312",
          "3_1895247556310888448"
        ]
      },
      "created_at_cdmx": "2025-02-27 17:00:15"
    }
  ],
  "includes": {
    "media": [
      {
        "url": "https://pbs.twimg.com/media/Gk481FLWAAAF13j.jpg",
        "type": "photo",
        "media_key": "3_1895519375790047232"
      },
      {
        "type": "video",
        "public_metrics": {
          "view_count": 785
        },
        "media_key": "13_1895511360194162691",
        "duration_ms": 123790
      },
      {
        "url": "https://pbs.twimg.com/media/Gk4advOagAAckhc.jpg",
        "type": "photo",
        "media_key": "3_1895481591365009408"
      },
      {
        "type": "video",
        "public_metrics": {
          "view_count": 5061
        },
        "media_key": "7_1895478699769638912",
        "duration_ms": 53636
      },
      {
        "url": "https://pbs.twimg.com/media/Gk1uzT8aoAAsFB-.jpg",
        "type": "photo",
        "media_key": "3_1895292845998907392"
      },
      {
        "type": "video",
        "public_metrics": {
          "view_count": 1549
        },
        "media_key": "7_1895266423389212672",
        "duration_ms": 136166
      },
      {
        "type": "video",
        "public_metrics": {
          "view_count": 1682
        },
        "media_key": "7_1895248061388967936",
        "duration_ms": 64522
      },
      {
        "url": "https://pbs.twimg.com/media/Gk1Fq0maAAAbz_L.jpg",
        "type": "photo",
        "media_key": "3_1895247620169400320"
      },
      {
        "url": "https://pbs.twimg.com/media/Gk1Fq0gXIAAkOGW.jpg",
        "type": "photo",
        "media_key": "3_1895247620144046080"
      },
      {
        "url": "https://pbs.twimg.com/media/Gk1FnGzW0AAyhov.jpg",
        "type": "photo",
        "media_key": "3_1895247556336078848"
      },
      {
        "url": "https://pbs.twimg.com/media/Gk1FnGJWUAAATpG.jpg",
        "type": "photo",
        "media_key": "3_1895247556159885312"
      },
      {
        "url": "https://pbs.twimg.com/media/Gk1FnGtWcAApWCw.jpg",
        "type": "photo",
        "media_key": "3_1895247556310888448"
      }
    ]
  },
  "meta": {
    "result_count": 10,
    "newest_id": "1895519477674172689",
    "oldest_id": "1895247606282109022",
    "next_token": "7140dibdnow9c7btw4b3nwpcfvqsyb9rm3l9nqvb6nsj6"
  }
}