{
  "data": [
    {
      "entities": {
        "urls": [
          {
            "start": 105,
            "end": 128,
            "url": "https://t.co/EVHOcIRvIe",
            "expanded_url": "https://x.com/Cinepolis/status/1894930489297031345/photo/1",
            "display_url": "pic.x.com/EVHOcIRvIe",
            "media_key": "3_1894930465846358017"
          }
        ],
        "annotations": [
          {
            "start": 94,
            "end": 101,
            "probability": 0.4722,
            "type": "Other",
            "normalized_text": " #Mickey"
          }
        ],
        "hashtags": [
          {
            "start": 95,
            "end": 104,
            "tag": "Mickey17"
          }
        ]
      },
      "id": "1894930489297031345",
      "author_id": "40355149",
      "created_at": "2025-02-27T02:00:09.000Z",
      "edit_history_tweet_ids": [
        "1894930489297031345"
      ],
      "text": "¡Y me lo topaba todos los días en el espejo sin darme cuenta! Qué cosas de la vida, ¿no? 😅🫠😵‍💫 #Mickey17 https://t.co/EVHOcIRvIe",
      "public_metrics": {
        "retweet_count": 1,
        "reply_count": 0,
        "like_count": 12,
        "quote_count": 0,
        "bookmark_count": 1,
        "impression_count": 2784
      }
    },
    {
      "entities": {
        "urls": [
          {
            "start": 272,
            "end": 295,
            "url": "https://t.co/0cI7y39yN2",
            "expanded_url": "https://x.com/i/web/status/1894913916008047036",
            "display_url": "x.com/i/web/status/1…"
          }
        ],
        "annotations": [
          {
            "start": 107,
            "end": 127,
            "probability": 0.5847,
            "type": "Organization",
            "normalized_text": "Cinépolis Universidad"
          },
          {
            "start": 198,
            "end": 209,
            "probability": 0.5145,
            "type": "Person",
            "normalized_text": "Hatsune Miku"
          }
        ],
        "hashtags": [
          {
            "start": 41,
            "end": 59,
            "tag": "MikuNoPuedeCantar"
          }
        ]
      },
      "id": "1894913916008047036",
      "author_id": "40355149",
      "created_at": "2025-02-27T00:54:18.000Z",
      "edit_history_tweet_ids": [
        "1894913916008047036"
      ],
      "text": "Gana un pase para la función especial de #MikuNoPuedeCantar este miércoles 12 de Marzo a las 07:00 p.m. en Cinépolis Universidad. \n\n¿Cómo? ✨👉 Cuéntanos en comentarios cuál es tu canción favorita de Hatsune Miku. \n\nTyC\n-Válido para CDMX\n-Tienes hasta el jueves 27 de feb.… https://t.co/0cI7y39yN2",
      "public_metrics": {
        "retweet_count": 0,
        "reply_count": 6,
        "like_count": 11,
        "quote_count": 0,
        "bookmark_count": 1,
        "impression_count": 3813
      }
    },
    {
      "entities": {
        "urls": [
          {
            "start": 162,
            "end": 185,
            "url": "https://t.co/cIYkYftln9",
            "expanded_url": "https://x.com/Cinepolis/status/1894911861382131954/photo/1",
            "display_url": "pic.x.com/cIYkYftln9",
            "media_key": "3_1894911851864965120"
          }
        ],
        "annotations": [
          {
            "start": 1,
            "end": 14,
            "probability": 0.6898,
            "type": "Other",
            "normalized_text": "PalomaPregunta"
          },
          {
            "start": 49,
            "end": 59,
            "probability": 0.5907,
            "type": "Other",
            "normalized_text": "HatsuneMiku"
          },
          {
            "start": 78,
            "end": 87,
            "probability": 0.8095,
            "type": "Other",
            "normalized_text": "Ghost Rule"
          }
        ],
        "hashtags": [
          {
            "start": 0,
            "end": 15,
            "tag": "PalomaPregunta"
          },
          {
            "start": 48,
            "end": 60,
            "tag": "HatsuneMiku"
          }
        ],
        "mentions": [
          {
            "start": 147,
            "end": 160,
            "username": "Paloma_Nacho",
            "id": "1605691417640280085"
          }
        ]
      },
      "id": "1894911861382131954",
      "author_id": "40355149",
      "created_at": "2025-02-27T00:46:08.000Z",
      "edit_history_tweet_ids": [
        "1894911861382131954"
      ],
      "text": "#PalomaPregunta ¿Cuál es tu canción favorita de #HatsuneMiku? ❤️🎤 Yo empiezo: Ghost Rule 🎼🎶 Tú turno, te leo en los comentarios 😎 Más canciones en @Paloma_Nacho. https://t.co/cIYkYftln9",
      "public_metrics": {
        "retweet_count": 10,
        "reply_count": 14,
        "like_count": 49,
        "quote_count": 0,
        "bookmark_count": 2,
        "impression_count": 6028
      }
    },
    {
      "entities": {
        "urls": [
          {
            "start": 123,
            "end": 146,
            "url": "https://t.co/EVXFpvna0L",
            "expanded_url": "https://x.com/Cinepolis/status/1894888983462846969/video/1",
            "display_url": "pic.x.com/EVXFpvna0L",
            "media_key": "7_1894888962768150535"
          }
        ],
        "annotations": [
          {
            "start": 34,
            "end": 42,
            "probability": 0.9736,
            "type": "Other",
            "normalized_text": "Minecraft"
          }
        ],
        "hashtags": [
          {
            "start": 33,
            "end": 43,
            "tag": "Minecraft"
          }
        ]
      },
      "id": "1894888983462846969",
      "author_id": "40355149",
      "created_at": "2025-02-26T23:15:13.000Z",
      "edit_history_tweet_ids": [
        "1894888983462846969"
      ],
      "text": "¿List@ para ver más del mundo de #Minecraft? 😲🤩 ¡Mañana llega nuevo tráiler! Etiqueta al más fan que conoces del juego. 🟩✨ https://t.co/EVXFpvna0L",
      "public_metrics": {
        "retweet_count": 3,
        "reply_count": 2,
        "like_count": 45,
        "quote_count": 0,
        "bookmark_count": 2,
        "impression_count": 5219
      }
    },
    {
      "entities": {
        "urls": [
          {
            "start": 166,
            "end": 189,
            "url": "https://t.co/5bOaiW4loK",
            "expanded_url": "https://x.com/Cinepolis/status/1894870098722333060/photo/1",
            "display_url": "pic.x.com/5bOaiW4loK",
            "media_key": "3_1894870063846395904"
          }
        ],
        "annotations": [
          {
            "start": 31,
            "end": 46,
            "probability": 0.4842,
            "type": "Other",
            "normalized_text": "Fiesta Cinépolis"
          }
        ],
        "hashtags": [
          {
            "start": 30,
            "end": 37,
            "tag": "Fiesta"
          }
        ]
      },
      "id": "1894870098722333060",
      "author_id": "40355149",
      "created_at": "2025-02-26T22:00:11.000Z",
      "edit_history_tweet_ids": [
        "1894870098722333060"
      ],
      "text": "¡Cada vez falta menos para la #Fiesta Cinépolis! 🥳🎬 No se te olvide: el próximo lunes, martes y miércoles, con boletos, refrescos y palomitas al 50% de descuento. 🍿🥤 https://t.co/5bOaiW4loK",
      "public_metrics": {
        "retweet_count": 3,
        "reply_count": 3,
        "like_count": 57,
        "quote_count": 1,
        "bookmark_count": 3,
        "impression_count": 7595
      }
    }
  ],
  "meta": {
    "result_count": 5,
    "newest_id": "1894930489297031345",
    "oldest_id": "1894870098722333060",
    "next_token": "7140dibdnow9c7btw4b3numf5megrqcum4zwq86yjcshc"
  }
}